name,email,country,region,currency,phone,date of joining
Charlotte Mccarthy,dictum.cursus.nunc@hotmail.com,Turkey,Ankara,"$6,017",1-822-272-4617,"Apr 23, 2022"
Nathaniel Henson,arcu.morbi@yahoo.couk,Canada,Ulster,"$9,501",1-883-243-3761,"Mar 21, 2025"
Charlotte Mccarthy,dictum.cursus.nunc@hotmail.com,Turkey,Ankara,"$6,017",1-822-272-4617,"Apr 23, 2022"
Nathaniel Henson,arcu.morbi@yahoo.couk,Canada,Ulster,"$9,501",1-883-243-3761,"Mar 21, 2025"
Wanda Joseph,a.tortor.nunc@hotmail.net,Colombia,East Kalimantan,"$7,059",1-181-545-3793,"May 11, 2022"
Kuame Luna,consequat.purus@yahoo.org,China,Kujawsko-pomorskie,"$6,591",(643) 445-9378,"May 25, 2023"
Murphy Schultz,felis@protonmail.ca,Turkey,Kincardineshire,"$6,812",(375) 527-2795,"Dec 20, 2023"
Brandon Harris,turpis.aliquam@yahoo.ca,Brazil,Connacht,"$7,398",(545) 281-2538,"Aug 26, 2024"
Kuame Neal,sed@icloud.couk,Ireland,Lagos,"$8,241",(725) 381-7866,"Jan 10, 2022"
Brandon Shepard,quisque@outlook.org,Turkey,Valle del Cauca,"$5,163",(711) 254-5363,"Aug 26, 2022"
Nora O'Neill,nec.urna@google.com,Poland,Tasmania,"$5,959",(755) 840-5322,"Apr 5, 2025"
Adam Marsh,vel@yahoo.edu,Turkey,Munster,"$6,620",(238) 227-8115,"Feb 16, 2023"
Hakeem Ochoa,arcu.vel.quam@hotmail.couk,Sweden,Ceará,"$8,183",1-535-323-1461,"Oct 15, 2021"
Nehru Fuentes,nam@icloud.ca,Brazil,Gujarat,"$8,542",(369) 987-3682,"Sep 13, 2023"
Brendan Bentley,velit.cras@google.com,Chile,Chernivtsi oblast,"$5,872",(233) 278-8414,"Oct 30, 2021"
Elizabeth Acosta,auctor@outlook.couk,Italy,Montgomeryshire,"$5,535",(844) 136-1742,"Dec 4, 2022"
Ingrid Garner,pede.et.risus@outlook.couk,Italy,Magallanes y Antártica Chilena,"$7,596",1-618-463-4862,"Mar 22, 2025"
Fay Pearson,nam@icloud.ca,Mexico,Jönköpings län,"$6,597",(530) 260-1556,"May 17, 2022"
Sebastian Mcknight,eu@hotmail.com,United States,Puno,"$6,330",(365) 657-8354,"Feb 7, 2023"
Quin Peck,interdum.curabitur@hotmail.edu,United Kingdom,Ontario,"$5,499",1-988-635-5128,"Aug 11, 2021"
Oren Haynes,amet@hotmail.couk,Austria,Delhi,"$6,289",1-267-455-3843,"Jun 25, 2021"
Driscoll Mcgowan,arcu.aliquam@hotmail.ca,Poland,Dolnośląskie,"$9,917",(297) 266-5543,"Aug 27, 2024"
Wanda Joseph,a.tortor.nunc@hotmail.net,Colombia,East Kalimantan,"$7,059",1-181-545-3793,"May 11, 2022"
Kuame Luna,consequat.purus@yahoo.org,China,Kujawsko-pomorskie,"$6,591",(643) 445-9378,"May 25, 2023"
Murphy Schultz,felis@protonmail.ca,Turkey,Kincardineshire,"$6,812",(375) 527-2795,"Dec 20, 2023"
Brandon Harris,turpis.aliquam@yahoo.ca,Brazil,Connacht,"$7,398",(545) 281-2538,"Aug 26, 2024"
Kuame Neal,sed@icloud.couk,Ireland,Lagos,"$8,241",(725) 381-7866,"Jan 10, 2022"
Brandon Shepard,quisque@outlook.org,Turkey,Valle del Cauca,"$5,163",(711) 254-5363,"Aug 26, 2022"
Nora O'Neill,nec.urna@google.com,Poland,Tasmania,"$5,959",(755) 840-5322,"Apr 5, 2025"
Adam Marsh,vel@yahoo.edu,Turkey,Munster,"$6,620",(238) 227-8115,"Feb 16, 2023"
Hakeem Ochoa,arcu.vel.quam@hotmail.couk,Sweden,Ceará,"$8,183",1-535-323-1461,"Oct 15, 2021"
Nehru Fuentes,nam@icloud.ca,Brazil,Gujarat,"$8,542",(369) 987-3682,"Sep 13, 2023"
Brendan Bentley,velit.cras@google.com,Chile,Chernivtsi oblast,"$5,872",(233) 278-8414,"Oct 30, 2021"
Elizabeth Acosta,auctor@outlook.couk,Italy,Montgomeryshire,"$5,535",(844) 136-1742,"Dec 4, 2022"
Ingrid Garner,pede.et.risus@outlook.couk,Italy,Magallanes y Antártica Chilena,"$7,596",1-618-463-4862,"Mar 22, 2025"
Fay Pearson,nam@icloud.ca,Mexico,Jönköpings län,"$6,597",(530) 260-1556,"May 17, 2022"
Sebastian Mcknight,eu@hotmail.com,United States,Puno,"$6,330",(365) 657-8354,"Feb 7, 2023"
Quin Peck,interdum.curabitur@hotmail.edu,United Kingdom,Ontario,"$5,499",1-988-635-5128,"Aug 11, 2021"
Oren Haynes,amet@hotmail.couk,Austria,Delhi,"$6,289",1-267-455-3843,"Jun 25, 2021"
Driscoll Mcgowan,arcu.aliquam@hotmail.ca,Poland,Dolnośląskie,"$9,917",(297) 266-5543,"Aug 27, 2024"
